input,time
0,0.00000200
1,0.00000200
2,0.00000200
3,0.00000200
4,0.00000200
5,0.00000200
6,0.00000200
7,0.00000200
8,0.00000200
9,0.00000200
10,0.00000300
